iteration,positions,avg_loss,gauntlet_win_rate,ema_win_rate
1,1678,0.29383112,,
2,2992,0.26120446,,
3,4356,0.23667707,,
4,8048,0.14824332,0.000000,0.000000
5,12682,0.10486758,,0.000000
6,17514,0.08809770,,0.000000
7,21564,0.07506542,,0.000000
8,25348,0.06556260,0.000000,0.000000
9,30222,0.06674435,,0.000000
10,35126,0.05998754,,0.000000
11,38118,0.05401718,,0.000000
12,42728,0.04897593,0.000000,0.000000
13,47364,0.04652467,,0.000000
14,48030,0.04423583,,0.000000
15,48836,0.04239691,,0.000000
16,48002,0.03959640,0.000000,0.000000
17,48122,0.03777239,,0.000000
18,48074,0.03524063,,0.000000
19,49062,0.03325077,,0.000000
20,49922,0.03495993,0.000000,0.000000
21,50516,0.03540251,,0.000000
22,49294,0.03332974,,0.000000
23,48898,0.03382498,,0.000000
24,50696,0.03240162,0.031250,0.004045
25,50046,0.03126870,,0.004045
26,50668,0.03028041,,0.004045
27,51216,0.02843874,,0.004045
28,53530,0.02763171,0.000000,0.003522
29,54662,0.02719197,,0.003522
30,53484,0.02599478,,0.003522
31,52588,0.02495487,,0.003522
32,51976,0.02542741,0.000000,0.003066
33,51604,0.02445336,,0.003066
34,50968,0.02434170,,0.003066
35,52814,0.02368695,,0.003066
36,54214,0.02482157,0.000000,0.002669
37,54166,0.02340578,,0.002669
38,53110,0.02377923,,0.002669
39,51262,0.02320949,,0.002669
40,52070,0.02517251,0.000000,0.002323
41,53912,0.02564531,,0.002323
42,55534,0.02426982,,0.002323
43,55130,0.02298109,,0.002323
44,55922,0.02558067,0.000000,0.002023
45,54210,0.02488263,,0.002023
46,53048,0.02553587,,0.002023
47,55016,0.02383559,,0.002023
48,54722,0.02408068,0.000000,0.001761
49,53924,0.02376749,,0.001761
50,52428,0.02299468,,0.001761
51,50828,0.02292864,,0.001761
52,50734,0.02098808,0.000000,0.001533
53,50174,0.02242662,,0.001533
54,51022,0.02183028,,0.001533
55,51582,0.02165185,,0.001533
56,51164,0.02193793,0.000000,0.001334
57,49300,0.02167897,,0.001334
58,48756,0.02169374,,0.001334
59,48658,0.02056695,,0.001334
60,50770,0.01899997,0.000000,0.001162
61,50612,0.01890453,,0.001162
62,50750,0.01919792,,0.001162
63,53702,0.01995942,,0.001162
64,50174,0.02101863,0.000000,0.001011
65,48980,0.02191147,,0.001011
66,48772,0.02170283,,0.001011
67,48180,0.02228582,,0.001011
68,48598,0.02133781,0.000000,0.000880
69,48464,0.02095512,,0.000880
70,46994,0.02162471,,0.000880
71,47172,0.02233594,,0.000880
72,48094,0.02374956,0.000000,0.000766
73,45694,0.02395987,,0.000766
74,47160,0.02340880,,0.000766
75,47908,0.02281575,,0.000766
76,49588,0.02247928,0.000000,0.000667
77,50686,0.02304316,,0.000667
78,51544,0.02271359,,0.000667
79,51666,0.02198571,,0.000667
80,51796,0.02220448,0.031250,0.004626
81,52084,0.02060666,,0.004626
82,49556,0.02246487,,0.004626
83,50990,0.02110523,,0.004626
84,50400,0.02060291,0.031250,0.008073
85,49720,0.02037662,,0.008073
86,48618,0.02123146,,0.008073
87,48840,0.02109893,,0.008073
88,47204,0.02299256,0.031250,0.011073
89,46810,0.02263033,,0.011073
90,47966,0.02121281,,0.011073
91,49412,0.02124799,,0.011073
92,50510,0.02108756,0.000000,0.009640
93,49002,0.02143115,,0.009640
94,49524,0.02236051,,0.009640
95,49748,0.02089865,,0.009640
96,50658,0.02064128,0.000000,0.008392
97,49338,0.02018834,,0.008392
98,50586,0.02075940,,0.008392
99,51458,0.02023231,,0.008392
100,49600,0.02045247,0.000000,0.007305
101,49260,0.02238035,,0.007305
102,48400,0.02103092,,0.007305
103,48328,0.02123681,,0.007305
104,47572,0.02052393,0.000000,0.006360
105,47336,0.01975150,,0.006360
106,46154,0.02049045,,0.006360
107,47344,0.01988439,,0.006360
108,47278,0.01971146,0.000000,0.005536
109,46956,0.02244905,,0.005536
110,47696,0.01991346,,0.005536
111,47542,0.02146905,,0.005536
112,48616,0.02126970,0.000000,0.004820
113,50478,0.01914569,,0.004820
114,52402,0.01792291,,0.004820
115,54310,0.01805125,,0.004820
116,56348,0.01737269,0.000000,0.004196
117,58602,0.01685738,,0.004196
118,56900,0.01802684,,0.004196
119,54716,0.01779851,,0.004196
120,53240,0.01729441,0.062500,0.011743
121,50600,0.01742851,,0.011743
122,46926,0.01726164,,0.011743
123,44122,0.01673864,,0.011743
124,41934,0.01545122,0.031250,0.014269
125,39086,0.01529646,,0.014269
126,35686,0.01609944,,0.014269
127,33264,0.01678285,,0.014269
128,33644,0.01580120,0.062500,0.020512
129,34438,0.01512264,,0.020512
130,34628,0.01336800,,0.020512
131,34480,0.01260625,,0.020512
132,34652,0.01303846,0.093750,0.029993
133,33882,0.01346962,,0.029993
134,33606,0.01276981,,0.029993
135,32980,0.01238246,,0.029993
136,33224,0.01255110,0.062500,0.034201
137,34080,0.01457068,,0.034201
138,35272,0.01566478,,0.034201
139,35580,0.01400719,,0.034201
140,36040,0.01284654,0.062500,0.037864
141,35708,0.01201617,,0.037864
142,34792,0.01212783,,0.037864
143,35068,0.01189807,,0.037864
144,34920,0.01205247,0.062500,0.041053
145,35552,0.01147104,,0.041053
146,36052,0.01183448,,0.041053
147,35872,0.01202268,,0.041053
148,35624,0.01119625,0.000000,0.035739
149,35888,0.01106379,,0.035739
150,36128,0.01082506,,0.035739
151,36284,0.01127286,,0.035739
152,37184,0.01138429,0.062500,0.039203
153,36304,0.01121370,,0.039203
154,36054,0.01182748,,0.039203
155,36766,0.01189922,,0.039203
156,36964,0.01212339,0.000000,0.032966
157,37896,0.01259748,,0.032966
158,38222,0.01312167,,0.032966
159,38498,0.01287177,,0.032966
160,38216,0.01216176,0.000000,0.027721
161,38230,0.01185328,,0.027721
162,38244,0.01132888,,0.027721
163,39396,0.01134398,,0.027721
164,40014,0.01159992,0.031250,0.028282
165,39562,0.01100912,,0.028282
166,39994,0.01165839,,0.028282
167,38988,0.01196723,,0.028282
168,39072,0.01234184,0.093750,0.038698
169,38876,0.01130070,,0.038698
170,38238,0.01146343,,0.038698
171,38640,0.01066298,,0.038698
172,38190,0.01284813,0.015625,0.035027
173,37252,0.01113266,,0.035027
174,37472,0.01276860,,0.035027
175,37290,0.01155921,,0.035027
176,37090,0.01203440,0.031250,0.034426
177,37010,0.01148346,,0.034426
178,36288,0.01126075,,0.034426
179,36202,0.01143332,,0.034426
180,36374,0.01070068,0.015625,0.031435
181,36200,0.01106570,,0.031435
182,36236,0.01298677,,0.031435
183,36390,0.01241535,,0.031435
184,37146,0.01264591,0.015625,0.028919
185,37928,0.01319657,,0.028919
186,37318,0.01334863,,0.028919
187,37946,0.01356982,,0.028919
188,39172,0.01477554,0.000000,0.024318
189,38328,0.01409192,,0.024318
190,38376,0.01352258,,0.024318
191,38492,0.01450932,,0.024318
192,38898,0.01492873,0.015625,0.022935
193,38598,0.01360023,,0.022935
194,38326,0.01343357,,0.022935
195,45818,0.01829632,,0.022935
196,52884,0.02098206,0.000000,0.019286
197,59654,0.01995253,,0.019286
198,65996,0.01965974,0.015625,0.018703
199,74100,0.02180936,,0.018703
200,77488,0.02132034,0.046875,0.023186
201,82808,0.02427798,,0.023186
202,88338,0.02392763,0.093750,0.034413
203,95258,0.02380437,,0.034413
204,100684,0.02371463,0.109375,0.046340
205,106018,0.02343407,,0.046340
206,112814,0.02291262,0.093750,0.053883
207,117368,0.02353447,,0.053883
208,121394,0.02267638,0.093750,0.060226
209,127560,0.02291056,,0.060226
210,133572,0.02197972,0.125000,0.070532
211,139430,0.02205978,,0.070532
212,145666,0.02185899,0.109375,0.076712
213,151354,0.02129879,,0.076712
214,156232,0.02038356,0.140625,0.086881
215,155838,0.02029958,,0.086881
216,156198,0.02001120,0.140625,0.095432
217,156696,0.01913533,,0.095432
218,157182,0.01871884,0.140625,0.102622
219,156408,0.01808811,,0.102622
220,158656,0.01769519,0.109375,0.103696
221,159122,0.01771061,,0.103696
222,159062,0.01765769,0.125000,0.107086
223,157716,0.01794246,,0.107086
224,156770,0.01780471,0.109375,0.107450
225,156480,0.01834458,,0.107450
226,156156,0.01776426,0.140625,0.112728
227,156690,0.01728850,,0.112728
228,157684,0.01826049,0.171875,0.122139
229,157324,0.01767043,,0.122139
230,157056,0.01729527,0.132812,0.123837
231,157272,0.01730363,,0.123837
232,156016,0.01654579,0.125000,0.124022
233,156458,0.01760912,,0.124022
234,158000,0.01700659,0.093750,0.119206
235,158978,0.01717302,,0.119206
236,160152,0.01639801,0.140625,0.122614
237,161784,0.01632721,,0.122614
238,163304,0.01572709,0.140625,0.125479
239,164650,0.01592811,,0.125479
240,164782,0.01593149,0.171875,0.132861
241,164626,0.01657980,,0.132861
242,165802,0.01700715,0.140625,0.134096
243,165674,0.01694427,,0.134096
244,167208,0.01700614,0.203125,0.145079
245,167538,0.01698970,,0.145079
246,167762,0.01650861,0.187500,0.151828
247,168420,0.01695371,,0.151828
248,169252,0.01703961,0.171875,0.155018
249,168696,0.01674024,,0.155018
250,169088,0.01796709,0.171875,0.157700
251,169160,0.01676655,,0.157700
252,170314,0.01669257,0.218750,0.167413
253,170212,0.01708413,,0.167413
254,170920,0.01721419,0.187500,0.170609
255,171520,0.01614452,,0.170609
256,171122,0.01642917,0.203125,0.175782
257,170094,0.01630410,,0.175782
258,170968,0.01593530,0.203125,0.180133
259,172042,0.01609212,,0.180133
260,171190,0.01616445,0.234375,0.188763
261,170294,0.01628356,,0.188763
262,169680,0.01589917,0.187500,0.188562
263,169814,0.01515341,,0.188562
264,168344,0.01493956,0.203125,0.190879
265,168388,0.01529914,,0.190879
266,168512,0.01531275,0.234375,0.197799
267,168118,0.01579766,,0.197799
268,167172,0.01542288,0.265625,0.208591
269,168598,0.01538212,,0.208591
270,169128,0.01454389,0.203125,0.207721
271,169342,0.01408766,,0.207721
272,169282,0.01528848,0.218750,0.209476
273,168940,0.01469163,,0.209476
274,168274,0.01423577,0.171875,0.203493
275,167758,0.01380193,,0.203493
276,167256,0.01309371,0.109375,0.188519
277,167314,0.01392086,,0.188519
278,166030,0.01390965,0.109375,0.175927
279,165238,0.01417037,,0.175927
280,165872,0.01399197,0.140625,0.170310
281,166882,0.01415553,,0.170310
282,166236,0.01429896,0.109375,0.160615
283,165272,0.01385509,,0.160615
284,165874,0.01361221,0.156250,0.159921
285,165378,0.01379215,,0.159921
286,164570,0.01508361,0.093750,0.149393
287,165062,0.01449874,,0.149393
288,164474,0.01455540,0.156250,0.150484
289,164810,0.01400422,,0.150484
290,163694,0.01448665,0.187500,0.156373
291,164460,0.01485067,,0.156373
292,163148,0.01631011,0.156250,0.156354
293,163988,0.01580782,,0.156354
294,163566,0.01524804,0.171875,0.158823
295,164006,0.01494068,,0.158823
296,164090,0.01583616,0.125000,0.153442
297,165828,0.01464671,,0.153442
298,166086,0.01612644,0.125000,0.148916
299,164506,0.01517178,,0.148916
300,164840,0.01419121,0.125000,0.145111
301,163908,0.01483282,,0.145111
302,163576,0.01584147,0.187500,0.151855
303,171998,0.01416829,,0.151855
304,181072,0.01355765,0.281250,0.172442
305,190390,0.01394961,,0.172442
306,199666,0.01336884,0.273438,0.188511
307,208872,0.01401601,,0.188511
308,210844,0.01362104,0.281250,0.203266
309,212004,0.01378234,,0.203266
310,213522,0.01355756,0.265625,0.213188
311,214428,0.01357796,,0.213188
312,214258,0.01352828,0.218750,0.214073
313,215582,0.01349885,,0.214073
314,214964,0.01337474,0.296875,0.227247
315,215496,0.01394037,,0.227247
316,215392,0.01351744,0.265625,0.233353
317,217400,0.01388817,,0.233353
318,217630,0.01406729,0.265625,0.238487
319,219008,0.01362323,,0.238487
320,218968,0.01301680,0.250000,0.240319
321,219250,0.01368944,,0.240319
322,218378,0.01336072,0.265625,0.244345
323,219660,0.01312149,,0.244345
324,221584,0.01313499,0.218750,0.240273
325,223408,0.01338948,,0.240273
326,223756,0.01390869,0.304688,0.250522
327,223900,0.01312263,,0.250522
328,224052,0.01338350,0.296875,0.257897
329,224306,0.01311065,,0.257897
330,224706,0.01297203,0.265625,0.259126
331,223738,0.01402905,,0.259126
332,223820,0.01370231,0.281250,0.262646
333,224348,0.01514222,,0.262646
334,223596,0.01438738,0.312500,0.270578
335,223540,0.01402630,,0.270578
336,223186,0.01309639,0.390625,0.289678
337,222116,0.01305236,,0.289678
338,222030,0.01327248,0.343750,0.298281
339,223040,0.01367479,,0.298281
340,222936,0.01326271,0.343750,0.305515
341,222374,0.01372933,,0.305515
342,222700,0.01374372,0.250000,0.296683
343,222410,0.01368897,,0.296683
344,221762,0.01451834,0.406250,0.314116
345,222320,0.01528965,,0.314116
346,223324,0.01636906,0.343750,0.318830
347,223578,0.01660208,,0.318830
348,223538,0.01756219,0.328125,0.320309
349,224114,0.01863661,,0.320309
350,223638,0.01966832,0.351562,0.325282
351,225616,0.02026503,,0.325282
352,227406,0.02110447,0.375000,0.333192
353,228344,0.02136877,,0.333192
354,228472,0.02221899,0.343750,0.334872
355,228056,0.02328394,,0.334872
356,228978,0.02343767,0.328125,0.333798
357,229396,0.02392178,,0.333798
358,229366,0.02414185,0.296875,0.327924
359,230076,0.02501530,,0.327924
360,230048,0.02571368,0.312500,0.325470
361,230428,0.02597352,,0.325470
362,231868,0.02647770,0.281250,0.318434
363,232156,0.02695307,,0.318434
364,232352,0.02812533,0.359375,0.324948
365,233428,0.02835149,,0.324948
366,233732,0.02910847,0.328125,0.325454
367,233162,0.02949785,,0.325454
368,234042,0.03037145,0.390625,0.335823
369,234412,0.03027884,,0.335823
370,234726,0.03055539,0.312500,0.332112
371,235278,0.03046242,,0.332112
372,235404,0.03132766,0.328125,0.331478
373,235988,0.03173065,,0.331478
374,235050,0.03170216,0.343750,0.333431
375,234914,0.03175173,,0.333431
376,235096,0.03237971,0.281250,0.325128
377,235346,0.03289027,,0.325128
378,235716,0.03277728,0.328125,0.325605
379,236434,0.03298522,,0.325605
380,236272,0.03268816,0.328125,0.326006
381,236368,0.03259192,,0.326006
382,236490,0.03294187,0.328125,0.326343
383,236640,0.03320548,,0.326343
384,237230,0.03330625,0.359375,0.331599
385,237086,0.03315501,,0.331599
386,237858,0.03343996,0.343750,0.333532
387,237356,0.03337665,,0.333532
388,237440,0.03350356,0.328125,0.332672
389,237236,0.03302190,,0.332672
390,237114,0.03329081,0.343750,0.334434
391,237870,0.03400876,,0.334434
392,238330,0.03406560,0.296875,0.328458
393,238026,0.03406318,,0.328458
394,238158,0.03380491,0.343750,0.330891
395,237722,0.03393218,,0.330891
396,237014,0.03373971,0.296875,0.325479
397,236860,0.03369319,,0.325479
398,236068,0.03345792,0.250000,0.313470
399,236120,0.03354313,,0.313470
400,235738,0.03355074,0.312500,0.313316
401,234862,0.03339111,,0.313316
402,234382,0.03288155,0.281250,0.308214
403,233672,0.03274728,,0.308214
404,232406,0.03297398,0.312500,0.308896
405,233230,0.03325987,,0.308896
406,233336,0.03339251,0.296875,0.306983
407,232470,0.03353710,,0.306983
408,232004,0.03314940,0.367188,0.316562
409,231556,0.03350009,,0.316562
410,231792,0.03316729,0.335938,0.319645
411,231880,0.03305129,,0.319645
412,232750,0.03315619,0.312500,0.318508
413,233154,0.03294820,,0.318508
414,233164,0.03329028,0.296875,0.315066
415,233256,0.03270643,,0.315066
416,232972,0.03264807,0.281250,0.309686
417,232918,0.03221977,,0.309686
418,233528,0.03212402,0.281250,0.305162
419,233756,0.03248274,,0.305162
420,234264,0.03191415,0.281250,0.301357
421,235428,0.03190130,,0.301357
422,235708,0.03134369,0.312500,0.303130
423,236116,0.03160576,,0.303130
424,236986,0.03149753,0.281250,0.299649
425,237554,0.03131796,,0.299649
426,238138,0.03104593,0.250000,0.291750
427,238042,0.03102265,,0.291750
428,238268,0.03145126,0.250000,0.285107
429,238994,0.03166706,,0.285107
430,238826,0.03146122,0.296875,0.286979
431,238766,0.03129753,,0.286979
432,239214,0.03130671,0.265625,0.283582
433,239456,0.03156020,,0.283582
434,239676,0.03127498,0.250000,0.278239
435,239218,0.03153678,,0.278239
436,239526,0.03192565,0.250000,0.273746
437,239460,0.03232815,,0.273746
438,239488,0.03213413,0.234375,0.267482
439,239490,0.03248115,,0.267482
440,239780,0.03239599,0.234375,0.262214
441,239594,0.03307786,,0.262214
442,239384,0.03289645,0.234375,0.257785
443,239376,0.03281034,,0.257785
444,239012,0.03300116,0.234375,0.254060
445,238648,0.03325238,,0.254060
446,237708,0.03333399,0.265625,0.255900
447,238238,0.03382889,,0.255900
448,238156,0.03375806,0.281250,0.259934
449,238130,0.03362997,,0.259934
